[{"id":"user-image-906218748-0.jpeg","publicUrl":"np://user.desktop.nicepage.com/Site_74838903/images/906218748-0.jpeg","size":110102,"hash":"LhSbhc47JRdWu+4ZvctxuOL+5sk=","fileName":"906218748-0.jpeg","name":"906218748-0","width":1200,"height":900,"thumbnail":{"url":"np://user.desktop.nicepage.com/Site_74838903/images/thumbnails/906218748-0.jpeg","width":250,"height":188},"folderId":null,"usages":["906218748"]},{"id":"user-image-Cal-Hypo-2.jpeg","publicUrl":"np://user.desktop.nicepage.com/Site_74838903/images/Cal-Hypo-2.jpeg","size":375182,"hash":"uzPdglcd+HCo6CxFw5Z+PHuqjEk=","fileName":"Cal-Hypo-2.jpeg","name":"Cal-Hypo-2","width":960,"height":1280,"thumbnail":{"url":"np://user.desktop.nicepage.com/Site_74838903/images/thumbnails/Cal-Hypo-2.jpeg","width":188,"height":250},"folderId":null,"usages":["906218748"]},{"id":"user-image-im-503447.jpeg","publicUrl":"np://user.desktop.nicepage.com/Site_74838903/images/im-503447.jpeg","size":68658,"hash":"AxKCN/4hSAzgBKx9OzKLsHlMKjI=","fileName":"im-503447.jpeg","name":"im-503447","width":1280,"height":1280,"thumbnail":{"url":"np://user.desktop.nicepage.com/Site_74838903/images/thumbnails/im-503447.jpeg","width":250,"height":250},"folderId":null,"usages":["906218748"]},{"id":"user-image-Untitled-design-2022-02-21T125712.140-1200x900.jpg","publicUrl":"np://user.desktop.nicepage.com/Site_74838903/images/Untitled-design-2022-02-21T125712.140-1200x900.jpg","size":111611,"hash":"0BsJyOiCdTNZ1HfyrQc8otqbwAY=","fileName":"Untitled-design-2022-02-21T125712.140-1200x900.jpg","name":"Untitled-design-2022-02-21T125712.140-1200x900","width":1200,"height":900,"thumbnail":{"url":"np://user.desktop.nicepage.com/Site_74838903/images/thumbnails/Untitled-design-2022-02-21T125712.140-1200x900.jpg","width":250,"height":188},"folderId":null,"usages":["906218748"]},{"id":"user-image-iStock-520289888-2-e1641284826152.jpg","publicUrl":"np://user.desktop.nicepage.com/Site_74838903/images/iStock-520289888-2-e1641284826152.jpg","size":60851,"hash":"JjLroehbAXsHHidpoxLIyrigSOQ=","fileName":"iStock-520289888-2-e1641284826152.jpg","name":"iStock-520289888-2-e1641284826152","width":1200,"height":750,"thumbnail":{"url":"np://user.desktop.nicepage.com/Site_74838903/images/thumbnails/iStock-520289888-2-e1641284826152.jpg","width":250,"height":156},"folderId":null,"usages":["906218748"]},{"id":"user-image-Red-river-water-Groundwater-pollution.jpg","publicUrl":"np://user.desktop.nicepage.com/Site_74838903/images/Red-river-water-Groundwater-pollution.jpg","size":266942,"hash":"c9O4xhvtVPgXsYSvDx+h8QOnCmI=","fileName":"Red-river-water-Groundwater-pollution.jpg","name":"Red-river-water-Groundwater-pollution","width":1600,"height":1067,"thumbnail":{"url":"np://user.desktop.nicepage.com/Site_74838903/images/thumbnails/Red-river-water-Groundwater-pollution.jpg","width":250,"height":167},"folderId":null,"usages":["906218748"]},{"id":"user-image-Carrolls-csr-pyramid-principles-and-examples-1.webp","publicUrl":"np://user.desktop.nicepage.com/Site_74838903/images/Carrolls-csr-pyramid-principles-and-examples-1.webp","size":71376,"hash":"MMz19AVxwotQxwohGJV5Td/vu+Y=","fileName":"Carrolls-csr-pyramid-principles-and-examples-1.webp","name":"Carrolls-csr-pyramid-principles-and-examples-1","width":1280,"height":720,"thumbnail":{"url":"np://user.desktop.nicepage.com/Site_74838903/images/thumbnails/Carrolls-csr-pyramid-principles-and-examples-1.webp","width":250,"height":141},"folderId":null,"usages":["906218748"]},{"id":"user-image-Logo.png","publicUrl":"np://user.desktop.nicepage.com/Site_74838903/images/Logo.png","size":403716,"hash":"sUab4DJMyzZ9loLvrh5JJ+Vx2OU=","fileName":"Logo.png","name":"Logo","width":960,"height":987,"thumbnail":{"url":"np://user.desktop.nicepage.com/Site_74838903/images/thumbnails/Logo.png","width":243,"height":250},"folderId":null,"usages":[]},{"id":"user-image-53e0d046495aa814f6da8c7dda79367d1d38d6ed5b586c4870277cdd9f49cc59bd_1280.jpg","publicUrl":"np://user.desktop.nicepage.com/Site_74838903/images/53e0d046495aa814f6da8c7dda79367d1d38d6ed5b586c4870277cdd9f49cc59bd_1280.jpg","size":255120,"hash":"9VFtEgh0sZDGtB9wdwcZ7J5M858=","fileName":"53e0d046495aa814f6da8c7dda79367d1d38d6ed5b586c4870277cdd9f49cc59bd_1280.jpg","name":"53e0d046495aa814f6da8c7dda79367d1d38d6ed5b586c4870277cdd9f49cc59bd_1280","width":1280,"height":853,"thumbnail":{"url":"np://user.desktop.nicepage.com/Site_74838903/images/thumbnails/53e0d046495aa814f6da8c7dda79367d1d38d6ed5b586c4870277cdd9f49cc59bd_1280.jpg","width":250,"height":167},"folderId":null,"originalUrl":"//images03.nicepage.com/c461c07a441a5d220e8feb1a/9a60db2b25675f428ae1b09a/53e0d046495aa814f6da8c7dda79367d1d38d6ed5b586c4870277cdd9f49cc59bd_1280.jpg?version=","usages":["906218748"]},{"id":"user-image-pexelsphoto.jpg","publicUrl":"np://user.desktop.nicepage.com/Site_74838903/images/pexelsphoto.jpg","size":69591,"hash":"IC2Z34PWixplBEdkhdldD0PoUCU=","fileName":"pexelsphoto.jpg","name":"pexelsphoto","width":2250,"height":1500,"thumbnail":{"url":"np://user.desktop.nicepage.com/Site_74838903/images/thumbnails/pexelsphoto.jpg","width":250,"height":167},"folderId":null,"originalUrl":"//images03.nicepage.com/a1389d7bc73adea1e1c1fb7e/737ff61a39d75cc2ad59b389/pexelsphoto.jpg","usages":["906218748"]}]