[{"id":209579005,"title":"Blog Template","order":1,"templateKey":"blog","customTemplate":false,"customTemplateFilename":null,"pageLinks":[],"dateCreated":"2024-12-29T11:23:50.781Z","dateUpdated":"2024-12-29T11:23:51.901Z","folderId":null,"pageName":"Blog Template","serverPageId":null,"sectionCount":1,"status":2,"backwardUrl":null},{"id":2341424322,"title":"Post Template","order":2,"templateKey":"post","customTemplate":false,"customTemplateFilename":null,"pageLinks":[],"dateCreated":"2024-12-29T11:23:50.861Z","dateUpdated":"2024-12-29T11:23:51.901Z","folderId":null,"pageName":"Post Template","serverPageId":null,"sectionCount":1,"status":2,"backwardUrl":null},{"id":491921138,"title":"Product List Template","order":3,"templateKey":"products","customTemplate":false,"customTemplateFilename":null,"pageLinks":[],"dateCreated":"2024-12-29T11:23:50.961Z","dateUpdated":"2024-12-29T11:23:51.901Z","folderId":null,"pageName":"Product List Template","serverPageId":null,"sectionCount":1,"status":2,"backwardUrl":null},{"id":65306755,"title":"Product Details Template","order":4,"templateKey":"product","customTemplate":false,"customTemplateFilename":null,"pageLinks":[],"dateCreated":"2024-12-29T11:23:51.067Z","dateUpdated":"2024-12-29T11:23:51.901Z","folderId":null,"pageName":"Product Details Template","serverPageId":null,"sectionCount":1,"status":2,"backwardUrl":null},{"id":138518877,"title":"Shopping Cart Template","order":5,"templateKey":"cart","customTemplate":false,"customTemplateFilename":null,"pageLinks":[],"dateCreated":"2024-12-29T11:23:51.157Z","dateUpdated":"2024-12-29T11:23:51.901Z","folderId":null,"pageName":"Shopping Cart Template","serverPageId":null,"sectionCount":1,"status":2,"backwardUrl":null},{"id":174940526,"title":"Checkout Template","order":6,"templateKey":"checkout","customTemplate":false,"customTemplateFilename":null,"pageLinks":[],"dateCreated":"2024-12-29T11:23:51.327Z","dateUpdated":"2024-12-29T11:23:51.901Z","folderId":null,"pageName":"Checkout Template","serverPageId":null,"sectionCount":1,"status":2,"backwardUrl":null},{"id":47462668,"title":"Login Template","order":7,"templateKey":"login","customTemplate":false,"customTemplateFilename":null,"pageLinks":[],"dateCreated":"2024-12-29T11:23:51.406Z","dateUpdated":"2024-12-29T11:23:51.901Z","folderId":null,"pageName":"Login Template","serverPageId":null,"sectionCount":1,"status":2,"backwardUrl":null},{"id":157385785,"title":"Search Page Template","order":8,"templateKey":"Search","customTemplate":false,"customTemplateFilename":null,"pageLinks":[],"dateCreated":"2024-12-29T11:23:51.462Z","dateUpdated":"2024-12-29T11:23:51.901Z","folderId":null,"pageName":"Search Page Template","serverPageId":null,"sectionCount":1,"status":2,"backwardUrl":null},{"id":736322666,"title":"Page Password Template","order":9,"templateKey":"password","customTemplate":false,"customTemplateFilename":null,"pageLinks":[],"dateCreated":"2024-12-29T11:23:51.527Z","dateUpdated":"2024-12-29T11:23:51.901Z","folderId":null,"pageName":"Page Password Template","serverPageId":null,"sectionCount":1,"status":2,"backwardUrl":null},{"id":2722600750,"title":"404 Not Found Template","order":10,"templateKey":"404","customTemplate":false,"customTemplateFilename":null,"pageLinks":[],"dateCreated":"2024-12-29T11:23:51.583Z","dateUpdated":"2024-12-29T11:23:51.902Z","folderId":null,"pageName":"404 Not Found Template","serverPageId":null,"sectionCount":1,"status":2,"backwardUrl":null},{"id":280935860,"title":"Thank You Page Template","order":11,"templateKey":"ThankYou","customTemplate":false,"customTemplateFilename":null,"pageLinks":[],"dateCreated":"2024-12-29T11:23:51.628Z","dateUpdated":"2024-12-29T11:23:51.902Z","folderId":null,"pageName":"Thank You Page Template","serverPageId":null,"sectionCount":1,"status":2,"backwardUrl":null},{"id":906218748,"title":"Home","order":50,"templateKey":null,"customTemplate":false,"customTemplateFilename":null,"pageLinks":[],"dateCreated":"2024-12-29T11:24:24.075Z","dateUpdated":"2024-12-31T07:50:12.119Z","folderId":null,"pageName":"Home_906218748","serverPageId":null,"sectionCount":8,"status":2,"backwardUrl":null},{"id":264309532,"title":"About","order":100,"templateKey":null,"customTemplate":false,"customTemplateFilename":null,"pageLinks":[],"dateCreated":"2024-12-29T11:23:51.664Z","dateUpdated":"2024-12-29T11:23:51.902Z","folderId":null,"pageName":"About_264309532","serverPageId":null,"sectionCount":1,"status":2,"backwardUrl":null},{"id":43052839,"title":"Contact","order":101,"templateKey":null,"customTemplate":false,"customTemplateFilename":null,"pageLinks":[],"dateCreated":"2024-12-29T11:23:51.693Z","dateUpdated":"2024-12-29T11:23:51.902Z","folderId":null,"pageName":"Contact_43052839","serverPageId":null,"sectionCount":1,"status":2,"backwardUrl":null},{"id":496926684,"title":"Page 1","order":102,"templateKey":null,"customTemplate":false,"customTemplateFilename":null,"pageLinks":[],"dateCreated":"2024-12-30T11:37:39.770Z","dateUpdated":"2024-12-30T11:37:39.770Z","folderId":null,"pageName":"Page 1_496926684","serverPageId":null,"sectionCount":1,"status":2,"backwardUrl":null}]